0,0,0,0,0.181689,0.23719
0.050042,0.008378,0,-0.004189,0.202767,0.261288
0.100083,0.017659,-3.9e-05,-0.008605,0.214353,0.2754
0.150125,0.027453,-0.000123,-0.013213,0.220573,0.283758
0.200167,0.037539,-0.000256,-0.017981,0.223775,0.288777
0.250209,0.047788,-0.000441,-0.022887,0.225293,0.291841
0.30025,0.058128,-0.000677,-0.02791,0.22588,0.293743
0.350292,0.068517,-0.000967,-0.033031,0.225961,0.29494
0.400334,0.078929,-0.001312,-0.038237,0.225773,0.295699
0.450375,0.089351,-0.00171,-0.043515,0.225445,0.296175
0.500417,0.099773,-0.002164,-0.048853,0.225048,0.296462
0.550459,0.110191,-0.002673,-0.054243,0.224618,0.296616
0.6005,0.120601,-0.003239,-0.059676,0.224173,0.296672
0.650542,0.130999,-0.00386,-0.065148,0.22372,0.296655
0.700584,0.141384,-0.004537,-0.070652,0.223261,0.296578
0.750626,0.151755,-0.005271,-0.076186,0.222795,0.296454
0.800667,0.16211,-0.006062,-0.081745,0.222318,0.29629
0.850709,0.172448,-0.006909,-0.087328,0.221829,0.296092
0.900751,0.182767,-0.007812,-0.092932,0.221325,0.295866
0.950792,0.193066,-0.008772,-0.098558,0.220802,0.295615
1.000834,0.203344,-0.009788,-0.104204,0.220258,0.295343
1.050876,0.2136,-0.010861,-0.109871,0.219691,0.295053
1.100917,0.223833,-0.01199,-0.115559,0.2191,0.294747
1.150959,0.234041,-0.013175,-0.121268,0.218482,0.294426
1.201001,0.244224,-0.014416,-0.127,0.217836,0.294093
1.251043,0.25438,-0.015712,-0.132755,0.217161,0.29375
1.301084,0.264508,-0.017065,-0.138535,0.216457,0.293396
1.351126,0.274608,-0.018473,-0.144342,0.215722,0.293034
1.401168,0.284677,-0.019937,-0.150177,0.214957,0.292664
1.451209,0.294715,-0.021456,-0.156042,0.21416,0.292287
1.501251,0.304721,-0.02303,-0.161938,0.213332,0.291903
1.551293,0.314694,-0.024659,-0.167868,0.212472,0.291514
1.601334,0.324632,-0.026343,-0.173833,0.21158,0.29112
1.651376,0.334534,-0.028082,-0.179836,0.210657,0.29072
1.701418,0.3444,-0.029876,-0.185879,0.209703,0.290317
1.75146,0.354228,-0.031724,-0.191963,0.208716,0.28991
1.801501,0.364017,-0.033626,-0.198091,0.207699,0.289498
1.851543,0.373767,-0.035583,-0.204264,0.20665,0.289084
1.901585,0.383475,-0.037595,-0.210486,0.20557,0.288667
1.951626,0.393142,-0.03966,-0.216757,0.20446,0.288247
2.001668,0.402766,-0.041779,-0.223081,0.203319,0.287825
2.05171,0.412345,-0.043952,-0.229458,0.202148,0.287401
2.101751,0.421879,-0.046179,-0.235893,0.200947,0.286975
2.151793,0.431368,-0.04846,-0.242385,0.199717,0.286548
2.201835,0.440809,-0.050794,-0.248939,0.198457,0.286121
2.251877,0.450201,-0.053182,-0.255555,0.197168,0.285692
2.301918,0.459545,-0.055623,-0.262236,0.19585,0.285264
2.35196,0.468838,-0.058118,-0.268984,0.194504,0.284836
2.402002,0.47808,-0.060665,-0.275802,0.193129,0.284409
2.452043,0.48727,-0.063266,-0.282691,0.191727,0.283982
2.502085,0.496407,-0.06592,-0.289653,0.190297,0.283558
2.552127,0.505489,-0.068627,-0.296692,0.18884,0.283135
2.602168,0.514516,-0.071387,-0.303809,0.187355,0.282715
2.65221,0.523487,-0.074199,-0.311006,0.185845,0.282298
2.702252,0.532401,-0.077064,-0.318285,0.184307,0.281885
2.752294,0.541256,-0.079982,-0.325649,0.182744,0.281476
2.802335,0.550053,-0.082952,-0.333101,0.181155,0.281071
2.852377,0.558789,-0.085975,-0.340642,0.179541,0.280671
2.902419,0.567464,-0.08905,-0.348274,0.177902,0.280278
2.95246,0.576078,-0.092177,-0.356001,0.176239,0.27989
3.002502,0.584629,-0.095357,-0.363823,0.174551,0.27951
3.052544,0.593115,-0.098588,-0.371745,0.172839,0.279137
3.102585,0.601537,-0.101872,-0.379767,0.171104,0.278772
3.152627,0.609894,-0.105207,-0.387893,0.169347,0.278416
3.202669,0.618184,-0.108595,-0.396125,0.167566,0.278069
3.252711,0.626406,-0.112034,-0.404465,0.165764,0.277733
3.302752,0.634561,-0.115524,-0.412915,0.16394,0.277406
3.352794,0.642646,-0.119066,-0.421479,0.162095,0.277091
3.402836,0.650661,-0.12266,-0.430157,0.16023,0.276788
3.452877,0.658605,-0.126305,-0.438954,0.158345,0.276497
3.502919,0.666477,-0.130001,-0.447871,0.156441,0.27622
3.552961,0.674277,-0.133748,-0.456911,0.154518,0.275956
3.603003,0.682003,-0.137546,-0.466076,0.152578,0.275706
3.653044,0.689655,-0.141396,-0.475369,0.15062,0.275471
3.703086,0.697232,-0.145296,-0.484792,0.148646,0.275252
3.753128,0.704733,-0.149247,-0.494347,0.146656,0.275048
3.803169,0.712158,-0.153248,-0.504037,0.144652,0.274861
3.853211,0.719504,-0.1573,-0.513864,0.142633,0.274691
3.903253,0.726773,-0.161403,-0.523831,0.140602,0.274538
3.953294,0.733963,-0.165556,-0.533939,0.138559,0.274404
4.003336,0.741072,-0.16976,-0.544191,0.136506,0.274288
4.053378,0.748101,-0.174013,-0.55459,0.134442,0.27419
4.10342,0.755049,-0.178317,-0.565137,0.13237,0.274112
4.153461,0.761915,-0.18267,-0.575835,0.130291,0.274053
4.203503,0.768697,-0.187074,-0.586685,0.128206,0.274015
4.253545,0.775397,-0.191527,-0.597689,0.126117,0.273996
4.303586,0.782012,-0.196031,-0.60885,0.124024,0.273997
4.353628,0.788542,-0.200583,-0.620168,0.12193,0.274019
4.40367,0.794986,-0.205186,-0.631647,0.119836,0.274062
4.453711,0.801344,-0.209837,-0.643286,0.117744,0.274125
4.503753,0.807615,-0.214538,-0.655089,0.115656,0.274208
4.553795,0.813798,-0.219289,-0.667055,0.113573,0.274312
4.603837,0.819893,-0.224088,-0.679186,0.111497,0.274436
4.653878,0.825898,-0.228937,-0.691483,0.109431,0.274581
4.70392,0.831815,-0.233834,-0.703948,0.107376,0.274745
4.753962,0.83764,-0.238781,-0.716579,0.105335,0.274928
4.804003,0.843375,-0.243776,-0.729379,0.10331,0.27513
4.854045,0.849018,-0.24882,-0.742346,0.101304,0.275351
4.904087,0.854569,-0.253912,-0.755482,0.099318,0.27559
4.954128,0.860028,-0.259053,-0.768785,0.097356,0.275846
5.00417,0.865392,-0.264243,-0.782256,0.095421,0.276118
5.054212,0.870663,-0.269481,-0.795894,0.093514,0.276406
5.104254,0.87584,-0.274767,-0.809697,0.091638,0.276708
5.154295,0.880921,-0.280101,-0.823665,0.089797,0.277025
5.204337,0.885906,-0.285483,-0.837795,0.087994,0.277353
5.254379,0.890795,-0.290914,-0.852086,0.08623,0.277693
5.30442,0.895587,-0.296392,-0.866536,0.084511,0.278044
5.354462,0.900282,-0.301918,-0.881143,0.082838,0.278403
5.404504,0.904879,-0.307492,-0.895902,0.081214,0.27877
5.454545,0.909378,-0.313113,-0.910812,0.079643,0.279143
5.504587,0.913777,-0.318782,-0.925869,0.078128,0.279521
5.554629,0.918077,-0.324498,-0.941068,0.076673,0.279902
5.604671,0.922277,-0.330262,-0.956406,0.075279,0.280285
5.654712,0.926376,-0.336072,-0.971878,0.073951,0.280669
5.704754,0.930375,-0.34193,-0.98748,0.072691,0.281051
5.754796,0.934271,-0.347835,-1.003205,0.071503,0.28143
5.804837,0.938066,-0.353787,-1.019048,0.070389,0.281804
5.854879,0.941758,-0.359786,-1.035004,0.069353,0.282173
5.904921,0.945348,-0.365831,-1.051066,0.068397,0.282535
5.954962,0.948833,-0.371923,-1.067228,0.067523,0.282887
6.005004,0.952215,-0.378061,-1.083481,0.066735,0.283229
6.055046,0.955493,-0.384246,-1.099821,0.066035,0.283559
6.105088,0.958665,-0.390476,-1.116237,0.065425,0.283877
6.155129,0.961733,-0.396753,-1.132724,0.064907,0.28418
6.205171,0.964694,-0.403075,-1.149273,0.064483,0.284468
6.255213,0.96755,-0.409444,-1.165876,0.064155,0.28474
6.305254,0.970299,-0.415857,-1.182524,0.063924,0.284995
6.355296,0.972941,-0.422316,-1.199209,0.063792,0.285232
6.405338,0.975475,-0.42882,-1.215921,0.063759,0.28545
6.455379,0.977902,-0.435369,-1.232653,0.063827,0.28565
6.505421,0.980221,-0.441963,-1.249394,0.063996,0.28583
6.555463,0.982431,-0.448601,-1.266136,0.064267,0.285991
6.605505,0.984532,-0.455284,-1.28287,0.06464,0.286132
6.655546,0.986524,-0.46201,-1.299586,0.065113,0.286253
6.705588,0.988407,-0.468781,-1.316276,0.065689,0.286355
6.75563,0.99018,-0.475595,-1.33293,0.066365,0.286438
6.805671,0.991842,-0.482452,-1.349539,0.06714,0.286503
6.855713,0.993395,-0.489353,-1.366095,0.068015,0.28655
6.905755,0.994836,-0.496296,-1.382588,0.068987,0.28658
6.955796,0.996167,-0.503282,-1.39901,0.070056,0.286594
7.005838,0.997386,-0.51031,-1.415353,0.071219,0.286593
7.05588,0.998494,-0.51738,-1.431608,0.072474,0.286578
7.105922,0.99949,-0.524491,-1.447766,0.07382,0.28655
7.155963,1.000375,-0.531644,-1.463821,0.075255,0.28651
7.206005,1.001147,-0.538838,-1.479765,0.076776,0.286461
7.256047,1.001807,-0.546073,-1.49559,0.078381,0.286403
7.306088,1.002356,-0.553348,-1.51129,0.080067,0.286338
7.35613,1.002791,-0.560663,-1.526858,0.081832,0.286268
7.406172,1.003115,-0.568018,-1.542287,0.083672,0.286193
7.456214,1.003326,-0.575412,-1.557571,0.085586,0.286117
7.506255,1.003424,-0.582846,-1.572706,0.087569,0.28604
7.556297,1.00341,-0.590318,-1.587685,0.08962,0.285964
7.606339,1.003283,-0.597828,-1.602503,0.091735,0.28589
7.65638,1.003043,-0.605377,-1.617156,0.093911,0.285821
7.706422,1.002692,-0.612964,-1.63164,0.096145,0.285759
7.756464,1.002227,-0.620587,-1.645951,0.098435,0.285703
7.806505,1.00165,-0.628249,-1.660084,0.100777,0.285657
7.856547,1.000961,-0.635946,-1.674037,0.103168,0.285622
7.906589,1.00016,-0.643681,-1.687808,0.105605,0.285598
7.956631,0.999246,-0.651451,-1.701392,0.108086,0.285589
8.006672,0.998221,-0.659258,-1.714788,0.110607,0.285594
8.056714,0.997084,-0.6671,-1.727995,0.113166,0.285615
8.106756,0.995835,-0.674977,-1.74101,0.11576,0.285654
8.156797,0.994475,-0.682889,-1.753832,0.118386,0.285711
8.206839,0.993004,-0.690836,-1.76646,0.121042,0.285788
8.256881,0.991422,-0.698818,-1.778894,0.123726,0.285885
8.306922,0.98973,-0.706833,-1.791132,0.126433,0.286004
8.356964,0.987927,-0.714883,-1.803176,0.129164,0.286146
8.407006,0.986014,-0.722965,-1.815023,0.131914,0.286311
8.457048,0.983992,-0.731082,-1.826676,0.134681,0.2865
8.507089,0.98186,-0.739231,-1.838134,0.137464,0.286713
8.557131,0.979619,-0.747413,-1.849398,0.140261,0.286951
8.607173,0.977269,-0.755628,-1.860469,0.143069,0.287215
8.657214,0.974811,-0.763875,-1.871348,0.145886,0.287505
8.707256,0.972245,-0.772154,-1.882036,0.148711,0.287822
8.757298,0.969571,-0.780466,-1.892535,0.151542,0.288165
8.807339,0.96679,-0.788809,-1.902846,0.154378,0.288534
8.857381,0.963903,-0.797183,-1.912971,0.157215,0.288931
8.907423,0.960909,-0.805589,-1.922912,0.160054,0.289355
8.957465,0.957809,-0.814025,-1.93267,0.162892,0.289806
9.007506,0.954603,-0.822493,-1.942249,0.165729,0.290283
9.057548,0.951293,-0.830991,-1.951649,0.168562,0.290788
9.10759,0.947878,-0.83952,-1.960874,0.171391,0.291319
9.157631,0.944359,-0.848079,-1.969925,0.174215,0.291876
9.207673,0.940736,-0.856668,-1.978805,0.177032,0.29246
9.257715,0.937011,-0.865287,-1.987516,0.179841,0.29307
9.307756,0.933182,-0.873936,-1.996062,0.182642,0.293705
9.357798,0.929252,-0.882614,-2.004444,0.185433,0.294364
9.40784,0.92522,-0.891322,-2.012665,0.188214,0.295049
9.457882,0.921087,-0.900059,-2.020728,0.190983,0.295757
9.507923,0.916853,-0.908825,-2.028636,0.19374,0.296489
9.557965,0.912519,-0.91762,-2.036391,0.196485,0.297244
9.608007,0.908086,-0.926443,-2.043995,0.199217,0.298021
9.658048,0.903554,-0.935295,-2.051452,0.201934,0.298819
9.70809,0.898923,-0.944175,-2.058764,0.204637,0.299639
9.758132,0.894195,-0.953084,-2.065934,0.207325,0.300478
9.808173,0.889369,-0.96202,-2.072964,0.209998,0.301337
9.858215,0.884447,-0.970984,-2.079858,0.212655,0.302215
9.908257,0.879428,-0.979976,-2.086617,0.215295,0.303111
9.958299,0.874314,-0.988995,-2.093245,0.217919,0.304024
10.00834,0.869105,-0.998041,-2.099743,0.220525,0.304953
10.058382,0.863802,-1.007115,-2.106115,0.223115,0.305897
10.108424,0.858405,-1.016215,-2.112363,0.225686,0.306857
10.158465,0.852914,-1.025342,-2.118489,0.22824,0.30783
10.208507,0.847332,-1.034495,-2.124496,0.230776,0.308816
10.258549,0.841657,-1.043674,-2.130385,0.233293,0.309814
10.30859,0.835891,-1.052879,-2.136161,0.235792,0.310824
10.358632,0.830034,-1.062111,-2.141824,0.238272,0.311844
10.408674,0.824087,-1.071367,-2.147376,0.240733,0.312874
10.458716,0.818051,-1.08065,-2.152821,0.243175,0.313913
10.508757,0.811926,-1.089957,-2.15816,0.245597,0.314959
10.558799,0.805714,-1.099289,-2.163394,0.248001,0.316013
10.608841,0.799413,-1.108646,-2.168527,0.250385,0.317072
10.658882,0.793026,-1.118027,-2.17356,0.252749,0.318138
10.708924,0.786553,-1.127433,-2.178495,0.255093,0.319208
10.758966,0.779995,-1.136862,-2.183334,0.257418,0.320281
10.809008,0.773352,-1.146316,-2.188079,0.259722,0.321358
10.859049,0.766625,-1.155793,-2.19273,0.262007,0.322437
10.909091,0.759815,-1.165293,-2.197291,0.264271,0.323518
10.959133,0.752923,-1.174816,-2.201763,0.266515,0.324599
11.009174,0.745949,-1.184362,-2.206146,0.268739,0.325681
11.059216,0.738893,-1.193931,-2.210444,0.270942,0.326762
11.109258,0.731758,-1.203522,-2.214657,0.273124,0.327841
11.159299,0.724543,-1.213134,-2.218786,0.275286,0.328918
11.209341,0.717249,-1.222769,-2.222834,0.277426,0.329993
11.259383,0.709877,-1.232425,-2.226801,0.279546,0.331064
11.309425,0.702428,-1.242102,-2.23069,0.281645,0.332131
11.359466,0.694903,-1.251801,-2.2345,0.283722,0.333194
11.409508,0.687302,-1.26152,-2.238233,0.285778,0.334251
11.45955,0.679627,-1.271259,-2.241892,0.287813,0.335302
11.509591,0.671877,-1.281019,-2.245476,0.289826,0.336347
11.559633,0.664054,-1.290799,-2.248987,0.291818,0.337385
11.609675,0.656159,-1.300598,-2.252426,0.293787,0.338415
11.659716,0.648193,-1.310417,-2.255794,0.295735,0.339438
11.709758,0.640155,-1.320255,-2.259092,0.29766,0.340451
11.7598,0.632049,-1.330111,-2.262322,0.299564,0.341456
11.809842,0.623873,-1.339987,-2.265484,0.301445,0.342451
11.859883,0.615629,-1.34988,-2.268578,0.303303,0.343436
11.909925,0.607318,-1.359792,-2.271607,0.305139,0.34441
11.959967,0.598941,-1.369721,-2.274571,0.306952,0.345373
12.010008,0.590499,-1.379668,-2.277471,0.308742,0.346325
12.06005,0.581992,-1.389632,-2.280307,0.31051,0.347265
12.110092,0.573422,-1.399612,-2.283081,0.312254,0.348192
12.160133,0.564789,-1.40961,-2.285794,0.313975,0.349107
12.210175,0.556094,-1.419624,-2.288445,0.315672,0.350009
12.260217,0.547339,-1.429653,-2.291037,0.317346,0.350897
12.310259,0.538524,-1.439699,-2.293569,0.318996,0.351771
12.3603,0.52965,-1.44976,-2.296042,0.320623,0.352631
12.410342,0.520719,-1.459837,-2.298458,0.322226,0.353476
12.460384,0.51173,-1.469928,-2.300817,0.323804,0.354306
12.510425,0.502686,-1.480034,-2.303119,0.325359,0.355121
12.560467,0.493586,-1.490154,-2.305365,0.326889,0.35592
12.610509,0.484433,-1.500289,-2.307556,0.328395,0.356703
12.66055,0.475227,-1.510437,-2.309692,0.329877,0.357469
12.710592,0.465969,-1.520599,-2.311775,0.331334,0.358219
12.760634,0.456659,-1.530774,-2.313804,0.332767,0.358952
12.810676,0.4473,-1.540963,-2.31578,0.334174,0.359667
12.860717,0.437893,-1.551163,-2.317704,0.335557,0.360365
12.910759,0.428437,-1.561377,-2.319576,0.336915,0.361045
12.960801,0.418934,-1.571602,-2.321397,0.338248,0.361706
13.010842,0.409386,-1.581839,-2.323168,0.339556,0.362349
13.060884,0.399792,-1.592088,-2.324888,0.340838,0.362974
13.110926,0.390155,-1.602348,-2.326559,0.342096,0.363579
13.160967,0.380476,-1.612619,-2.32818,0.343328,0.364164
13.211009,0.370754,-1.622901,-2.329752,0.344535,0.364731
13.261051,0.360993,-1.633193,-2.331277,0.345716,0.365277
13.311093,0.351191,-1.643496,-2.332753,0.346871,0.365803
13.361134,0.341352,-1.653808,-2.334182,0.348002,0.366309
13.411176,0.331474,-1.66413,-2.335564,0.349106,0.366795
13.461218,0.321561,-1.674461,-2.336899,0.350185,0.367259
13.511259,0.311613,-1.684801,-2.338187,0.351238,0.367703
13.561301,0.30163,-1.69515,-2.33943,0.352265,0.368125
13.611343,0.291614,-1.705507,-2.340627,0.353267,0.368526
13.661384,0.281567,-1.715872,-2.341779,0.354242,0.368905
13.711426,0.271488,-1.726245,-2.342885,0.355192,0.369262
13.761468,0.26138,-1.736626,-2.343947,0.356116,0.369598
13.81151,0.251244,-1.747014,-2.344965,0.357013,0.369911
13.861551,0.24108,-1.757409,-2.345938,0.357885,0.370201
13.911593,0.230889,-1.767811,-2.346868,0.358731,0.370469
13.961635,0.220673,-1.778219,-2.347753,0.359551,0.370714
14.011676,0.210433,-1.788634,-2.348596,0.360345,0.370936
14.061718,0.20017,-1.799054,-2.349395,0.361113,0.371135
14.11176,0.189885,-1.809479,-2.350152,0.361854,0.371311
14.161802,0.17958,-1.81991,-2.350865,0.36257,0.371463
14.211843,0.169254,-1.830346,-2.351536,0.36326,0.371591
14.261885,0.15891,-1.840787,-2.352165,0.363924,0.371696
14.311927,0.148549,-1.851232,-2.352752,0.364561,0.371777
14.361968,0.138172,-1.861681,-2.353296,0.365173,0.371834
14.41201,0.127779,-1.872134,-2.353799,0.365759,0.371866
14.462052,0.117373,-1.882591,-2.35426,0.366319,0.371875
14.512093,0.106953,-1.893051,-2.354679,0.366853,0.371859
14.562135,0.096522,-1.903513,-2.355057,0.367361,0.371818
14.612177,0.08608,-1.913979,-2.355394,0.367843,0.371753
14.662219,0.075629,-1.924447,-2.355689,0.368299,0.371662
14.71226,0.06517,-1.934917,-2.355943,0.36873,0.371547
14.762302,0.054703,-1.945388,-2.356155,0.369135,0.371407
14.812344,0.044231,-1.955862,-2.356327,0.369514,0.371242
14.862385,0.033754,-1.966336,-2.356457,0.369867,0.371052
14.912427,0.023273,-1.976812,-2.356547,0.370195,0.370836
14.962469,0.012789,-1.987288,-2.356595,0.370498,0.370596
15.01251,0.002305,-1.997764,-2.356602,0.370775,0.370329
15.062552,-0.008181,-2.008241,-2.356569,0.371026,0.370037
15.112594,-0.018665,-2.018717,-2.356494,0.371253,0.36972
15.162636,-0.029147,-2.029193,-2.356378,0.371454,0.369377
15.212677,-0.039626,-2.039668,-2.356222,0.37163,0.369008
15.262719,-0.0501,-2.050142,-2.356024,0.371781,0.368614
15.312761,-0.060569,-2.060614,-2.355785,0.371908,0.368194
15.362802,-0.071031,-2.071085,-2.355505,0.372009,0.367748
15.412844,-0.081486,-2.081554,-2.355183,0.372086,0.367276
15.462886,-0.091932,-2.092021,-2.35482,0.372138,0.366778
15.512927,-0.102367,-2.102485,-2.354415,0.372165,0.366254
15.562969,-0.112791,-2.112946,-2.353969,0.372168,0.365704
15.613011,-0.123203,-2.123405,-2.353481,0.372147,0.365128
15.663053,-0.133601,-2.133859,-2.352952,0.372102,0.364525
15.713094,-0.143985,-2.144311,-2.35238,0.372032,0.363897
15.763136,-0.154353,-2.154758,-2.351766,0.371939,0.363243
15.813178,-0.164704,-2.165201,-2.351109,0.371822,0.362563
15.863219,-0.175037,-2.175639,-2.350411,0.371682,0.361856
15.913261,-0.18535,-2.186073,-2.349669,0.371518,0.361123
15.963303,-0.195643,-2.196501,-2.348884,0.371331,0.360364
16.013344,-0.205915,-2.206925,-2.348057,0.371121,0.359579
16.063386,-0.216165,-2.217342,-2.347186,0.370887,0.358768
16.113428,-0.22639,-2.227753,-2.346271,0.370631,0.357931
16.16347,-0.236591,-2.238159,-2.345313,0.370353,0.357067
16.213511,-0.246765,-2.248557,-2.34431,0.370052,0.356177
16.263553,-0.256913,-2.258949,-2.343263,0.369729,0.355262
16.313595,-0.267033,-2.269334,-2.342171,0.369384,0.35432
16.363636,-0.277123,-2.279711,-2.341034,0.369017,0.353352
16.413678,-0.287183,-2.29008,-2.339852,0.368628,0.352358
16.46372,-0.297211,-2.300442,-2.338624,0.368218,0.351338
16.513761,-0.307207,-2.310795,-2.33735,0.367787,0.350292
16.563803,-0.317169,-2.32114,-2.33603,0.367334,0.34922
16.613845,-0.327096,-2.331476,-2.334662,0.366861,0.348123
16.663887,-0.336987,-2.341803,-2.333248,0.366368,0.346999
16.713928,-0.346841,-2.35212,-2.331786,0.365854,0.345849
16.76397,-0.356658,-2.362428,-2.330277,0.36532,0.344674
16.814012,-0.366435,-2.372725,-2.328718,0.364767,0.343473
16.864053,-0.376172,-2.383013,-2.327111,0.364194,0.342247
16.914095,-0.385868,-2.393289,-2.325455,0.363602,0.340994
16.964137,-0.395522,-2.403556,-2.323749,0.36299,0.339717
17.014178,-0.405132,-2.41381,-2.321992,0.36236,0.338413
17.06422,-0.414697,-2.424054,-2.320185,0.361712,0.337085
17.114262,-0.424218,-2.434286,-2.318326,0.361045,0.335731
17.164304,-0.433692,-2.444506,-2.316416,0.360361,0.334351
17.214345,-0.443118,-2.454713,-2.314453,0.359659,0.332947
17.264387,-0.452495,-2.464909,-2.312437,0.35894,0.331517
17.314429,-0.461823,-2.475091,-2.310367,0.358204,0.330063
17.36447,-0.471101,-2.48526,-2.308243,0.357452,0.328583
17.414512,-0.480327,-2.495416,-2.306064,0.356683,0.327079
17.464554,-0.4895,-2.505558,-2.30383,0.355898,0.325549
17.514595,-0.498619,-2.515687,-2.30154,0.355098,0.323995
17.564637,-0.507684,-2.525801,-2.299192,0.354283,0.322417
17.614679,-0.516693,-2.5359,-2.296787,0.353452,0.320814
17.664721,-0.525646,-2.545985,-2.294324,0.352608,0.319186
17.714762,-0.534541,-2.556055,-2.291802,0.351749,0.317534
17.764804,-0.543377,-2.56611,-2.289219,0.350876,0.315858
17.814846,-0.552154,-2.576149,-2.286577,0.34999,0.314158
17.864887,-0.560871,-2.586172,-2.283872,0.349091,0.312434
17.914929,-0.569526,-2.596179,-2.281106,0.34818,0.310686
17.964971,-0.578118,-2.606169,-2.278276,0.347257,0.308914
18.015013,-0.586647,-2.616143,-2.275382,0.346322,0.307119
18.065054,-0.595112,-2.6261,-2.272424,0.345375,0.3053
18.115096,-0.603512,-2.636039,-2.269399,0.344418,0.303458
18.165138,-0.611846,-2.645962,-2.266308,0.343451,0.301592
18.215179,-0.620112,-2.655866,-2.263149,0.342473,0.299703
18.265221,-0.628311,-2.665752,-2.259921,0.341486,0.297792
18.315263,-0.636441,-2.67562,-2.256623,0.34049,0.295857
18.365304,-0.644501,-2.685469,-2.253254,0.339486,0.2939
18.415346,-0.65249,-2.6953,-2.249814,0.338474,0.29192
18.465388,-0.660408,-2.705111,-2.2463,0.337454,0.289917
18.51543,-0.668254,-2.714903,-2.242713,0.336427,0.287892
18.565471,-0.676027,-2.724675,-2.23905,0.335394,0.285845
18.615513,-0.683725,-2.734428,-2.23531,0.334355,0.283776
18.665555,-0.691349,-2.74416,-2.231493,0.33331,0.281686
18.715596,-0.698897,-2.753871,-2.227597,0.33226,0.279573
18.765638,-0.706369,-2.763562,-2.22362,0.331207,0.277439
18.81568,-0.713763,-2.773232,-2.219562,0.330149,0.275283
18.865721,-0.721079,-2.78288,-2.215422,0.329088,0.273107
18.915763,-0.728316,-2.792507,-2.211197,0.328025,0.270909
18.965805,-0.735474,-2.802113,-2.206886,0.32696,0.268691
19.015847,-0.742551,-2.811696,-2.202488,0.325893,0.266451
19.065888,-0.749546,-2.821256,-2.198002,0.324825,0.264192
19.11593,-0.75646,-2.830795,-2.193426,0.323758,0.261912
19.165972,-0.763291,-2.84031,-2.188758,0.32269,0.259612
19.216013,-0.770038,-2.849802,-2.183998,0.321624,0.257292
19.266055,-0.776702,-2.859271,-2.179143,0.32056,0.254953
19.316097,-0.78328,-2.868716,-2.174191,0.319498,0.252594
19.366138,-0.789772,-2.878138,-2.169142,0.318439,0.250216
19.41618,-0.796179,-2.887535,-2.163993,0.317383,0.247819
19.466222,-0.802498,-2.896908,-2.158743,0.316332,0.245403
19.516264,-0.808729,-2.906256,-2.15339,0.315286,0.242969
19.566305,-0.814872,-2.915579,-2.147932,0.314246,0.240516
19.616347,-0.820926,-2.924877,-2.142367,0.313212,0.238046
19.666389,-0.82689,-2.93415,-2.136694,0.312186,0.235558
19.71643,-0.832764,-2.943397,-2.130911,0.311167,0.233053
19.766472,-0.838546,-2.952618,-2.125016,0.310157,0.230531
19.816514,-0.844238,-2.961814,-2.119006,0.309156,0.227992
19.866555,-0.849836,-2.970982,-2.11288,0.308165,0.225436
19.916597,-0.855342,-2.980124,-2.106637,0.307185,0.222865
19.966639,-0.860755,-2.989239,-2.100273,0.306216,0.220278
20.016681,-0.866073,-2.998327,-2.093787,0.30526,0.217675
20.066722,-0.871297,-3.007388,-2.087177,0.304316,0.215058
20.116764,-0.876426,-3.016421,-2.08044,0.303386,0.212426
20.166806,-0.881459,-3.025426,-2.073576,0.302471,0.20978
20.216847,-0.886395,-3.034404,-2.06658,0.30157,0.207121
20.266889,-0.891235,-3.043352,-2.059452,0.300686,0.204449
20.316931,-0.895978,-3.052273,-2.052189,0.299818,0.201764
20.366972,-0.900623,-3.061164,-2.044788,0.298967,0.199067
20.417014,-0.905169,-3.070027,-2.037249,0.298134,0.196358
20.467056,-0.909617,-3.07886,-2.029568,0.29732,0.193639
20.517098,-0.913965,-3.087664,-2.021743,0.296525,0.190909
20.567139,-0.918214,-3.096438,-2.013772,0.29575,0.18817
20.617181,-0.922362,-3.105182,-2.005652,0.294996,0.185422
20.667223,-0.92641,-3.113897,-1.997382,0.294263,0.182666
20.717264,-0.930357,-3.12258,-1.98896,0.293552,0.179902
20.767306,-0.934202,-3.131233,-1.980383,0.292864,0.177132
20.817348,-0.937945,-3.139856,-1.971648,0.292199,0.174356
20.867389,-0.941586,-3.148447,-1.962754,0.291557,0.171575
20.917431,-0.945125,-3.157008,-1.953699,0.29094,0.16879
20.967473,-0.94856,-3.165536,-1.94448,0.290347,0.166003
21.017515,-0.951892,-3.174033,-1.935096,0.289779,0.163214
21.067556,-0.95512,-3.182499,-1.925544,0.289237,0.160424
21.117598,-0.958244,-3.190932,-1.915822,0.288721,0.157635
21.16764,-0.961263,-3.199333,-1.905929,0.28823,0.154847
21.217681,-0.964177,-3.207702,-1.895862,0.287767,0.152063
21.267723,-0.966987,-3.216037,-1.88562,0.28733,0.149283
21.317765,-0.969691,-3.22434,-1.875202,0.286919,0.146509
21.367807,-0.972289,-3.232611,-1.864605,0.286536,0.143742
21.417848,-0.974781,-3.240847,-1.853828,0.28618,0.140984
21.46789,-0.977167,-3.249051,-1.84287,0.285851,0.138237
21.517932,-0.979446,-3.25722,-1.831729,0.285549,0.135503
21.567973,-0.981619,-3.265356,-1.820405,0.285273,0.132782
21.618015,-0.983684,-3.273458,-1.808896,0.285024,0.130078
21.668057,-0.985642,-3.281526,-1.797202,0.284802,0.127392
21.718098,-0.987493,-3.28956,-1.785322,0.284605,0.124726
21.76814,-0.989236,-3.297559,-1.773256,0.284433,0.122083
21.818182,-0.99087,-3.305523,-1.761003,0.284287,0.119464
21.868224,-0.992397,-3.313452,-1.748563,0.284165,0.116872
21.918265,-0.993815,-3.321347,-1.735937,0.284066,0.114309
21.968307,-0.995125,-3.329206,-1.723126,0.28399,0.111778
22.018349,-0.996326,-3.337029,-1.710128,0.283936,0.109281
22.06839,-0.997418,-3.344818,-1.696947,0.283903,0.106821
22.118432,-0.998402,-3.35257,-1.683582,0.283889,0.1044
22.168474,-0.999276,-3.360286,-1.670036,0.283894,0.102022
22.218515,-1.00004,-3.367967,-1.65631,0.283917,0.099689
22.268557,-1.000696,-3.375611,-1.642406,0.283956,0.097404
22.318599,-1.001241,-3.383219,-1.628326,0.28401,0.09517
22.368641,-1.001677,-3.39079,-1.614074,0.284077,0.092989
22.418682,-1.002004,-3.398324,-1.599653,0.284156,0.090866
22.468724,-1.00222,-3.405821,-1.585065,0.284245,0.088801
22.518766,-1.002326,-3.413281,-1.570314,0.284343,0.0868
22.568807,-1.002323,-3.420704,-1.555405,0.284448,0.084863
22.618849,-1.002209,-3.42809,-1.540342,0.284558,0.082996
22.668891,-1.001985,-3.435437,-1.52513,0.284672,0.081199
22.718932,-1.001651,-3.442747,-1.509773,0.284788,0.079477
22.768974,-1.001207,-3.450019,-1.494278,0.284904,0.077832
22.819016,-1.000652,-3.457252,-1.47865,0.285019,0.076266
22.869058,-0.999988,-3.464447,-1.462895,0.28513,0.074782
22.919099,-0.999212,-3.471604,-1.44702,0.285236,0.073384
22.969141,-0.998327,-3.478721,-1.431031,0.285335,0.072072
23.019183,-0.997331,-3.4858,-1.414936,0.285427,0.070849
23.069224,-0.996225,-3.492839,-1.398741,0.285508,0.069718
23.119266,-0.995009,-3.499838,-1.382455,0.285579,0.068681
23.169308,-0.993682,-3.506798,-1.366085,0.285637,0.067738
23.219349,-0.992245,-3.513718,-1.34964,0.285681,0.066892
23.269391,-0.990699,-3.520598,-1.333128,0.28571,0.066144
23.319433,-0.989042,-3.527437,-1.316557,0.285723,0.065495
23.369475,-0.987275,-3.534236,-1.299936,0.285719,0.064945
23.419516,-0.985399,-3.540993,-1.283274,0.285698,0.064497
23.469558,-0.983412,-3.54771,-1.266579,0.285658,0.064149
23.5196,-0.981317,-3.554385,-1.249862,0.285599,0.063903
23.569641,-0.979112,-3.561018,-1.23313,0.285521,0.063758
23.619683,-0.976798,-3.567609,-1.216393,0.285423,0.063714
23.669725,-0.974374,-3.574158,-1.19966,0.285306,0.063771
23.719766,-0.971842,-3.580664,-1.182941,0.285169,0.063927
23.769808,-0.969202,-3.587127,-1.166243,0.285013,0.064182
23.81985,-0.966453,-3.593547,-1.149577,0.284838,0.064535
23.869892,-0.963596,-3.599924,-1.13295,0.284644,0.064984
23.919933,-0.960631,-3.606257,-1.116372,0.284433,0.065527
23.969975,-0.957559,-3.612546,-1.099851,0.284204,0.066163
24.020017,-0.954379,-3.61879,-1.083395,0.283959,0.06689
24.070058,-0.951093,-3.62499,-1.067012,0.283699,0.067705
24.1201,-0.9477,-3.631145,-1.050711,0.283425,0.068607
24.170142,-0.944201,-3.637255,-1.034498,0.283137,0.069592
24.220183,-0.940597,-3.643319,-1.018381,0.282838,0.070658
24.270225,-0.936887,-3.649337,-1.002368,0.282528,0.071803
24.320267,-0.933072,-3.65531,-0.986464,0.282208,0.073023
24.370309,-0.929153,-3.661235,-0.970676,0.281881,0.074315
24.42035,-0.92513,-3.667115,-0.955011,0.281548,0.075677
24.470392,-0.921003,-3.672947,-0.939474,0.281209,0.077106
24.520434,-0.916773,-3.678732,-0.92407,0.280867,0.078598
24.570475,-0.912441,-3.684469,-0.908804,0.280523,0.08015
24.620517,-0.908007,-3.690159,-0.893681,0.280178,0.081759
24.670559,-0.903472,-3.695801,-0.878706,0.279835,0.083421
24.720601,-0.898836,-3.701394,-0.863883,0.279493,0.085135
24.770642,-0.894099,-3.706939,-0.849214,0.279155,0.086896
24.820684,-0.889263,-3.712436,-0.834704,0.278823,0.088701
24.870726,-0.884328,-3.717883,-0.820355,0.278497,0.090548
24.920767,-0.879295,-3.723281,-0.80617,0.278178,0.092432
24.970809,-0.874163,-3.72863,-0.792152,0.277869,0.094352
25.020851,-0.868935,-3.73393,-0.778302,0.277569,0.096304
25.070892,-0.86361,-3.739179,-0.764621,0.277281,0.098286
25.120934,-0.85819,-3.744379,-0.751112,0.277005,0.100294
25.170976,-0.852674,-3.749529,-0.737775,0.276742,0.102326
25.221018,-0.847064,-3.754629,-0.724612,0.276494,0.104379
25.271059,-0.841361,-3.759678,-0.711622,0.27626,0.10645
25.321101,-0.835564,-3.764676,-0.698806,0.276042,0.108538
25.371143,-0.829675,-3.769624,-0.686164,0.275841,0.110639
25.421184,-0.823695,-3.774522,-0.673696,0.275656,0.112752
25.471226,-0.817624,-3.779368,-0.661402,0.275489,0.114873
25.521268,-0.811463,-3.784164,-0.64928,0.275341,0.117001
25.571309,-0.805213,-3.788908,-0.63733,0.27521,0.119135
25.621351,-0.798874,-3.793601,-0.62555,0.275099,0.121271
25.671393,-0.792448,-3.798243,-0.613941,0.275006,0.123408
25.721435,-0.785935,-3.802833,-0.602499,0.274933,0.125544
25.771476,-0.779336,-3.807372,-0.591225,0.27488,0.127677
25.821518,-0.772651,-3.81186,-0.580115,0.274846,0.129806
25.87156,-0.765882,-3.816296,-0.569169,0.274831,0.131929
25.921601,-0.759029,-3.82068,-0.558384,0.274836,0.134045
25.971643,-0.752094,-3.825013,-0.547758,0.274861,0.136152
26.021685,-0.745076,-3.829294,-0.537289,0.274905,0.138249
26.071726,-0.737977,-3.833523,-0.526976,0.274968,0.140335
26.121768,-0.730798,-3.8377,-0.516814,0.275051,0.142407
26.17181,-0.72354,-3.841825,-0.506804,0.275152,0.144467
26.221852,-0.716202,-3.845899,-0.496941,0.275271,0.146511
26.271893,-0.708787,-3.849921,-0.487223,0.275408,0.148539
26.321935,-0.701294,-3.85389,-0.477648,0.275563,0.150551
26.371977,-0.693726,-3.857808,-0.468213,0.275736,0.152545
26.422018,-0.686082,-3.861673,-0.458916,0.275925,0.154521
26.47206,-0.678364,-3.865487,-0.449753,0.276131,0.156477
26.522102,-0.670572,-3.869248,-0.440723,0.276352,0.158413
26.572143,-0.662708,-3.872958,-0.431821,0.276589,0.160328
26.622185,-0.654772,-3.876615,-0.423047,0.27684,0.162222
26.672227,-0.646765,-3.88022,-0.414397,0.277106,0.164095
26.722269,-0.638687,-3.883773,-0.405867,0.277385,0.165944
26.77231,-0.630541,-3.887274,-0.397457,0.277678,0.167771
26.822352,-0.622327,-3.890722,-0.389162,0.277982,0.169574
26.872394,-0.614045,-3.894118,-0.38098,0.278299,0.171353
26.922435,-0.605697,-3.897462,-0.372909,0.278626,0.173108
26.972477,-0.597283,-3.900754,-0.364945,0.278964,0.174838
27.022519,-0.588805,-3.903993,-0.357087,0.279312,0.176542
27.07256,-0.580263,-3.90718,-0.34933,0.279669,0.178222
27.122602,-0.571658,-3.910314,-0.341674,0.280034,0.179876
27.172644,-0.562991,-3.913396,-0.334115,0.280407,0.181503
27.222686,-0.554264,-3.916426,-0.32665,0.280787,0.183105
27.272727,-0.545477,-3.919403,-0.319278,0.281174,0.18468
27.322769,-0.536631,-3.922327,-0.311996,0.281566,0.186228
27.372811,-0.527726,-3.925199,-0.3048,0.281963,0.18775
27.422852,-0.518765,-3.928018,-0.29769,0.282365,0.189244
27.472894,-0.509748,-3.930785,-0.290662,0.282771,0.190712
27.522936,-0.500675,-3.933499,-0.283714,0.28318,0.192151
27.572977,-0.491549,-3.93616,-0.276844,0.283591,0.193564
27.623019,-0.482369,-3.938768,-0.27005,0.284004,0.194948
27.673061,-0.473137,-3.941324,-0.263328,0.284418,0.196305
27.723103,-0.463854,-3.943826,-0.256678,0.284833,0.197635
27.773144,-0.454521,-3.946276,-0.250097,0.285247,0.198936
27.823186,-0.445139,-3.948673,-0.243583,0.285661,0.200209
27.873228,-0.435708,-3.951016,-0.237134,0.286074,0.201454
27.923269,-0.42623,-3.953307,-0.230748,0.286485,0.202671
27.973311,-0.416707,-3.955544,-0.224422,0.286894,0.203859
28.023353,-0.407138,-3.957729,-0.218155,0.2873,0.205019
28.073394,-0.397525,-3.95986,-0.211945,0.287702,0.206151
28.123436,-0.387869,-3.961937,-0.205791,0.288101,0.207254
28.173478,-0.37817,-3.963962,-0.199689,0.288495,0.208329
28.22352,-0.368431,-3.965933,-0.193639,0.288884,0.209375
28.273561,-0.358653,-3.96785,-0.187638,0.289267,0.210393
28.323603,-0.348835,-3.969715,-0.181685,0.289645,0.211382
28.373645,-0.338979,-3.971525,-0.175779,0.290016,0.212342
28.423686,-0.329087,-3.973282,-0.169916,0.290381,0.213273
28.473728,-0.319159,-3.974986,-0.164097,0.290738,0.214175
28.52377,-0.309196,-3.976635,-0.158319,0.291088,0.215049
28.573812,-0.2992,-3.978231,-0.15258,0.29143,0.215894
28.623853,-0.289171,-3.979773,-0.146879,0.291764,0.21671
28.673895,-0.279111,-3.981262,-0.141214,0.292089,0.217496
28.723937,-0.269021,-3.982696,-0.135585,0.292404,0.218254
28.773978,-0.258902,-3.984077,-0.129989,0.292711,0.218982
28.82402,-0.248754,-3.985403,-0.124424,0.293008,0.219682
28.874062,-0.23858,-3.986676,-0.11889,0.293294,0.220352
28.924103,-0.228379,-3.987894,-0.113385,0.293571,0.220993
28.974145,-0.218154,-3.989058,-0.107907,0.293837,0.221605
29.024187,-0.207905,-3.990169,-0.102456,0.294092,0.222187
29.074229,-0.197634,-3.991225,-0.097029,0.294337,0.222741
29.12427,-0.187341,-3.992227,-0.091626,0.29457,0.223264
29.174312,-0.177028,-3.993174,-0.086244,0.294791,0.223759
29.224354,-0.166695,-3.994068,-0.080883,0.295001,0.224224
29.274395,-0.156345,-3.994907,-0.075542,0.295199,0.224659
29.324437,-0.145977,-3.995691,-0.070218,0.295385,0.225065
29.374479,-0.135594,-3.996422,-0.064911,0.295559,0.225441
29.42452,-0.125196,-3.997097,-0.059619,0.29572,0.225788
29.474562,-0.114784,-3.997719,-0.054341,0.295869,0.226105
29.524604,-0.10436,-3.998286,-0.049076,0.296006,0.226393
29.574646,-0.093925,-3.998798,-0.043822,0.29613,0.226651
29.624687,-0.083479,-3.999257,-0.038578,0.296241,0.226879
29.674729,-0.073024,-3.99966,-0.033343,0.296339,0.227077
29.724771,-0.062562,-4.000009,-0.028116,0.296424,0.227246
29.774812,-0.052093,-4.000303,-0.022895,0.296496,0.227385
29.824854,-0.041618,-4.000543,-0.017679,0.296555,0.227494
29.874896,-0.031138,-4.000729,-0.012467,0.296601,0.227574
29.924937,-0.020656,-4.000859,-0.007257,0.296633,0.227623
29.974979,-0.010171,-4.000935,-0.002049,0.296653,0.227643
30.025021,0.000315,-4.000957,0.003159,0.296659,0.227633
30.075063,0.010801,-4.000924,0.008369,0.296652,0.227593
30.125104,0.021285,-4.000836,0.013581,0.296633,0.227524
30.175146,0.031767,-4.000694,0.018796,0.296599,0.227424
30.225188,0.042246,-4.000497,0.024017,0.296553,0.227295
30.275229,0.05272,-4.000245,0.029244,0.296494,0.227136
30.325271,0.063188,-3.999939,0.034479,0.296422,0.226947
30.375313,0.073649,-3.999578,0.039722,0.296337,0.226728
30.425354,0.084102,-3.999163,0.044976,0.296239,0.226479
30.475396,0.094546,-3.998693,0.050241,0.296128,0.2262
30.525438,0.10498,-3.998168,0.055518,0.296005,0.225892
30.57548,0.115401,-3.997589,0.06081,0.295869,0.225554
30.625521,0.125811,-3.996955,0.066117,0.295721,0.225186
30.675563,0.136206,-3.996267,0.07144,0.29556,0.224788
30.725605,0.146586,-3.995524,0.076781,0.295388,0.224361
30.775646,0.156951,-3.994726,0.082142,0.295203,0.223904
30.825688,0.167298,-3.993875,0.087523,0.295007,0.223417
30.87573,0.177627,-3.992968,0.092926,0.294799,0.222901
30.925771,0.187936,-3.992007,0.098352,0.294579,0.222355
30.975813,0.198225,-3.990992,0.103803,0.294349,0.221779
31.025855,0.208492,-3.989923,0.10928,0.294107,0.221174
31.075897,0.218736,-3.988799,0.114784,0.293855,0.22054
31.125938,0.228956,-3.98762,0.120318,0.293592,0.219876
31.17598,0.239151,-3.986388,0.125881,0.293319,0.219183
31.226022,0.24932,-3.985101,0.131476,0.293036,0.21846
31.276063,0.259462,-3.98376,0.137105,0.292743,0.217708
31.326105,0.269575,-3.982365,0.142768,0.29244,0.216927
31.376147,0.279659,-3.980915,0.148467,0.292129,0.216116
31.426188,0.289712,-3.979411,0.154203,0.291808,0.215277
31.47623,0.299733,-3.977854,0.159979,0.291479,0.214409
31.526272,0.309722,-3.976242,0.165796,0.291142,0.213511
31.576314,0.319676,-3.974576,0.171655,0.290797,0.212585
31.626355,0.329596,-3.972857,0.177558,0.290444,0.21163
31.676397,0.33948,-3.971083,0.183506,0.290084,0.210646
31.726439,0.349326,-3.969256,0.189501,0.289717,0.209634
31.77648,0.359134,-3.967374,0.195545,0.289344,0.208593
31.826522,0.368903,-3.965439,0.20164,0.288965,0.207524
31.876564,0.378632,-3.963451,0.207786,0.288581,0.206427
31.926606,0.388319,-3.961408,0.213986,0.288191,0.205301
31.976647,0.397964,-3.959312,0.220242,0.287796,0.204147
32.026689,0.407565,-3.957163,0.226555,0.287397,0.202966
32.076731,0.417122,-3.95496,0.232928,0.286994,0.201756
32.126772,0.426633,-3.952704,0.239361,0.286588,0.200519
32.176814,0.436097,-3.950394,0.245857,0.286179,0.199254
32.226856,0.445514,-3.948031,0.252417,0.285768,0.197962
32.276897,0.454882,-3.945615,0.259044,0.285355,0.196642
32.326939,0.4642,-3.943145,0.265739,0.28494,0.195296
32.376981,0.473468,-3.940623,0.272505,0.284525,0.193922
32.427023,0.482684,-3.938048,0.279343,0.284109,0.192522
32.477064,0.491847,-3.935419,0.286255,0.283693,0.191096
32.527106,0.500956,-3.932738,0.293243,0.283278,0.189642
32.577148,0.510011,-3.930004,0.30031,0.282865,0.188163
32.627189,0.51901,-3.927217,0.307457,0.282454,0.186658
32.677231,0.527952,-3.924378,0.314687,0.282045,0.185128
32.727273,0.536836,-3.921486,0.322002,0.281639,0.183571
32.777314,0.545663,-3.918541,0.329403,0.281237,0.18199
32.827356,0.554429,-3.915544,0.336893,0.280839,0.180384
32.877398,0.563135,-3.912495,0.344475,0.280447,0.178753
32.92744,0.571779,-3.909394,0.35215,0.280059,0.177098
32.977481,0.580361,-3.90624,0.359921,0.279679,0.175419
33.027523,0.58888,-3.903034,0.367789,0.279305,0.173717
33.077565,0.597335,-3.899777,0.375758,0.278938,0.171991
33.127606,0.605724,-3.896467,0.38383,0.27858,0.170242
33.177648,0.614047,-3.893106,0.392006,0.27823,0.168471
33.22769,0.622304,-3.889693,0.40029,0.27789,0.166678
33.277731,0.630492,-3.886228,0.408683,0.277559,0.164864
33.327773,0.638612,-3.882711,0.417188,0.27724,0.163028
33.377815,0.646662,-3.879143,0.425808,0.276932,0.161172
33.427857,0.654642,-3.875524,0.434545,0.276636,0.159296
33.477898,0.66255,-3.871854,0.443401,0.276352,0.1574
33.52794,0.670386,-3.868132,0.452378,0.276082,0.155486
33.577982,0.678149,-3.864359,0.46148,0.275826,0.153553
33.628023,0.685839,-3.860535,0.470708,0.275584,0.151604
33.678065,0.693453,-3.856661,0.480065,0.275357,0.149637
33.728107,0.700992,-3.852735,0.489553,0.275146,0.147655
33.778148,0.708455,-3.848759,0.499175,0.274951,0.145657
33.82819,0.715841,-3.844732,0.508933,0.274772,0.143645
33.878232,0.723149,-3.840654,0.51883,0.274611,0.14162
33.928274,0.730378,-3.836526,0.528867,0.274468,0.139583
33.978315,0.737527,-3.832348,0.539047,0.274343,0.137534
34.028357,0.744597,-3.82812,0.549372,0.274236,0.135475
34.078399,0.751585,-3.823841,0.559844,0.274148,0.133408
34.12844,0.758492,-3.819512,0.570466,0.27408,0.131332
34.178482,0.765316,-3.815134,0.58124,0.274031,0.12925
34.228524,0.772057,-3.810705,0.592167,0.274003,0.127162
34.278565,0.778715,-3.806227,0.603249,0.273994,0.125071
34.328607,0.785287,-3.801699,0.614488,0.274006,0.122977
34.378649,0.791774,-3.797122,0.625887,0.274038,0.120883
34.428691,0.798176,-3.792495,0.637446,0.274091,0.11879
34.478732,0.80449,-3.787818,0.649166,0.274164,0.116699
34.528774,0.810717,-3.783092,0.66105,0.274258,0.114613
34.578816,0.816856,-3.778317,0.673099,0.274372,0.112534
34.628857,0.822907,-3.773493,0.685313,0.274506,0.110462
34.678899,0.828868,-3.76862,0.697694,0.27466,0.108402
34.728941,0.834739,-3.763698,0.710242,0.274834,0.106354
34.778982,0.840519,-3.758728,0.722957,0.275027,0.10432
34.829024,0.846208,-3.753708,0.735841,0.275239,0.102304
34.879066,0.851805,-3.74864,0.748892,0.275469,0.100308
34.929108,0.85731,-3.743523,0.762112,0.275716,0.098334
34.979149,0.862722,-3.738358,0.775499,0.27598,0.096385
35.029191,0.86804,-3.733144,0.789054,0.27626,0.094463
35.079233,0.873263,-3.727882,0.802774,0.276556,0.092571
35.129274,0.878392,-3.722572,0.81666,0.276865,0.090713
35.179316,0.883425,-3.717214,0.830709,0.277187,0.08889
35.229358,0.888363,-3.711807,0.84492,0.277522,0.087107
35.279399,0.893203,-3.706353,0.859291,0.277867,0.085365
35.329441,0.897947,-3.700851,0.87382,0.278223,0.083668
35.379483,0.902593,-3.695301,0.888503,0.278586,0.082019
35.429525,0.907141,-3.689704,0.903338,0.278956,0.080422
35.479566,0.91159,-3.684059,0.918322,0.279332,0.078879
35.529608,0.91594,-3.678366,0.933451,0.279712,0.077393
35.57965,0.92019,-3.672626,0.94872,0.280094,0.075968
35.629691,0.924339,-3.666839,0.964126,0.280477,0.074607
35.679733,0.928388,-3.661005,0.979663,0.28086,0.073312
35.729775,0.932336,-3.655123,0.995327,0.281241,0.072088
35.779817,0.936182,-3.649195,1.011112,0.281618,0.070937
35.829858,0.939925,-3.643219,1.027013,0.28199,0.069861
35.8799,0.943566,-3.637197,1.043022,0.282355,0.068865
35.929942,0.947104,-3.631129,1.059135,0.282712,0.067949
35.979983,0.950537,-3.625014,1.075343,0.283059,0.067118
36.030025,0.953867,-3.618852,1.091641,0.283396,0.066374
36.080067,0.957092,-3.612645,1.10802,0.28372,0.065719
36.130108,0.960212,-3.606391,1.124473,0.28403,0.065154
36.18015,0.963227,-3.600092,1.140992,0.284326,0.064683
36.230192,0.966135,-3.593746,1.157568,0.284606,0.064307
36.280234,0.968938,-3.587355,1.174195,0.28487,0.064027
36.330275,0.971633,-3.580919,1.190862,0.285116,0.063845
36.380317,0.974221,-3.574437,1.207562,0.285344,0.063763
36.430359,0.976702,-3.567911,1.224285,0.285553,0.063781
36.4804,0.979075,-3.56134,1.241022,0.285742,0.063899
36.530442,0.981339,-3.554723,1.257765,0.285913,0.064119
36.580484,0.983495,-3.548063,1.274504,0.286064,0.064441
36.630525,0.985542,-3.541358,1.291231,0.286195,0.064864
36.680567,0.987479,-3.53461,1.307935,0.286307,0.065388
36.730609,0.989307,-3.527818,1.324608,0.286399,0.066014
36.780651,0.991025,-3.520982,1.341241,0.286473,0.06674
36.830692,0.992632,-3.514103,1.357824,0.286529,0.067565
36.880734,0.994129,-3.507181,1.37435,0.286567,0.068489
36.930776,0.995515,-3.500216,1.390809,0.286589,0.069509
36.980817,0.99679,-3.49321,1.407192,0.286595,0.070625
37.030859,0.997954,-3.48616,1.423492,0.286587,0.071835
37.080901,0.999006,-3.47907,1.439699,0.286565,0.073136
37.130942,0.999946,-3.471937,1.455807,0.286531,0.074527
37.180984,1.000775,-3.464764,1.471808,0.286487,0.076005
37.231026,1.001491,-3.45755,1.487693,0.286433,0.077568
37.281068,1.002096,-3.450295,1.503456,0.286371,0.079214
37.331109,1.002588,-3.443,1.519091,0.286303,0.08094
37.381151,1.002967,-3.435665,1.53459,0.286231,0.082743
37.431193,1.003234,-3.42829,1.549948,0.286155,0.08462
37.481234,1.003389,-3.420876,1.565158,0.286078,0.086569
37.531276,1.003431,-3.413423,1.580215,0.286001,0.088586
37.581318,1.00336,-3.405932,1.595114,0.285927,0.09067
37.631359,1.003177,-3.398402,1.609851,0.285855,0.092815
37.681401,1.002882,-3.390834,1.62442,0.285789,0.095021
37.731443,1.002473,-3.383229,1.638817,0.28573,0.097283
37.781485,1.001953,-3.375587,1.65304,0.285679,0.099599
37.831526,1.00132,-3.367907,1.667083,0.285638,0.101966
37.881568,1.000574,-3.360191,1.680945,0.285608,0.104381
37.93161,0.999717,-3.352438,1.694623,0.285592,0.10684
37.981651,0.998748,-3.34465,1.708114,0.285589,0.109341
38.031693,0.997666,-3.336826,1.721415,0.285602,0.111882
38.081735,0.996474,-3.328966,1.734526,0.285632,0.114459
38.131776,0.995169,-3.321071,1.747445,0.28568,0.117069
38.181818,0.993754,-3.313141,1.76017,0.285747,0.119711
38.23186,0.992227,-3.305177,1.772702,0.285834,0.122381
38.281902,0.99059,-3.297179,1.785038,0.285942,0.125077
38.331943,0.988842,-3.289146,1.797178,0.286072,0.127796
38.381985,0.986984,-3.28108,1.809124,0.286225,0.130536
38.432027,0.985017,-3.272981,1.820874,0.286402,0.133295
38.482068,0.982939,-3.264848,1.832429,0.286603,0.136071
38.53211,0.980753,-3.256682,1.84379,0.286829,0.138861
38.582152,0.978457,-3.248483,1.854957,0.28708,0.141664
38.632193,0.976053,-3.240252,1.865932,0.287357,0.144477
38.682235,0.973541,-3.231989,1.876716,0.28766,0.147298
38.732277,0.970921,-3.223694,1.887309,0.28799,0.150126
38.782319,0.968194,-3.215367,1.897714,0.288346,0.15296
38.83236,0.96536,-3.207008,1.907932,0.288729,0.155796
38.882402,0.962419,-3.198618,1.917964,0.28914,0.158635
38.932444,0.959372,-3.190197,1.927814,0.289577,0.161473
38.982485,0.956219,-3.181745,1.937482,0.290041,0.164311
39.032527,0.952961,-3.173262,1.946971,0.290532,0.167146
39.082569,0.949599,-3.164748,1.956283,0.29105,0.169978
39.132611,0.946131,-3.156204,1.965421,0.291594,0.172804
39.182652,0.942561,-3.14763,1.974386,0.292165,0.175624
39.232694,0.938886,-3.139026,1.983182,0.292762,0.178438
39.282736,0.935109,-3.130392,1.99181,0.293384,0.181243
39.332777,0.93123,-3.121729,2.000273,0.294031,0.184039
39.382819,0.927249,-3.113036,2.008575,0.294704,0.186825
39.432861,0.923166,-3.104313,2.016717,0.2954,0.1896
39.482902,0.918982,-3.095562,2.024701,0.29612,0.192363
39.532944,0.914699,-3.086781,2.032532,0.296864,0.195114
39.582986,0.910315,-3.077972,2.040211,0.29763,0.197853
39.633028,0.905832,-3.069134,2.047742,0.298417,0.200577
39.683069,0.901251,-3.060268,2.055126,0.299226,0.203288
39.733111,0.896571,-3.051374,2.062366,0.300056,0.205983
39.783153,0.891794,-3.042452,2.069466,0.300905,0.208664
39.833194,0.88692,-3.033501,2.076428,0.301774,0.211328
39.883236,0.881949,-3.024523,2.083254,0.302661,0.213977
39.933278,0.876883,-3.015518,2.089947,0.303565,0.216609
39.983319,0.871721,-3.006485,2.09651,0.304486,0.219224
40.033361,0.866465,-2.997425,2.102945,0.305423,0.221822
40.083403,0.861115,-2.988339,2.109254,0.306375,0.224403
40.133445,0.855671,-2.979225,2.115441,0.307342,0.226965
40.183486,0.850134,-2.970085,2.121507,0.308321,0.22951
40.233528,0.844506,-2.960919,2.127455,0.309314,0.232037
40.28357,0.838785,-2.951726,2.133287,0.310318,0.234545
40.333611,0.832974,-2.942508,2.139006,0.311333,0.237034
40.383653,0.827072,-2.933264,2.144613,0.312358,0.239505
40.433695,0.82108,-2.923995,2.150112,0.313392,0.241956
40.483736,0.815,-2.9147,2.155503,0.314435,0.244388
40.533778,0.808831,-2.90538,2.16079,0.315485,0.246801
40.58382,0.802574,-2.896036,2.165973,0.316542,0.249195
40.633862,0.796231,-2.886666,2.171056,0.317604,0.251569
40.683903,0.789801,-2.877273,2.17604,0.318672,0.253923
40.733945,0.783285,-2.867855,2.180927,0.319744,0.256258
40.783987,0.776684,-2.858414,2.185718,0.320819,0.258573
40.834028,0.769999,-2.848949,2.190416,0.321898,0.260867
40.88407,0.763231,-2.83946,2.195022,0.322977,0.263141
40.934112,0.756379,-2.829948,2.199538,0.324059,0.265396
40.984153,0.749446,-2.820414,2.203965,0.32514,0.267629
41.034195,0.742431,-2.810856,2.208306,0.326221,0.269843
41.084237,0.735336,-2.801277,2.212561,0.327301,0.272035
41.134279,0.72816,-2.791675,2.216732,0.32838,0.274207
41.18432,0.720906,-2.782051,2.22082,0.329456,0.276359
41.234362,0.713573,-2.772406,2.224828,0.330529,0.278489
41.284404,0.706162,-2.762739,2.228755,0.331598,0.280598
41.334445,0.698675,-2.753051,2.232604,0.332663,0.282686
41.384487,0.691112,-2.743342,2.236376,0.333723,0.284753
41.434529,0.683474,-2.733613,2.240072,0.334777,0.286798
41.48457,0.675761,-2.723863,2.243693,0.335826,0.288822
41.534612,0.667975,-2.714093,2.24724,0.336867,0.290825
41.584654,0.660116,-2.704304,2.250715,0.337901,0.292805
41.634696,0.652185,-2.694495,2.254119,0.338928,0.294764
41.684737,0.644183,-2.684667,2.257452,0.339946,0.2967
41.734779,0.636111,-2.674819,2.260716,0.340955,0.298615
41.784821,0.627969,-2.664953,2.263911,0.341955,0.300507
41.834862,0.619759,-2.655069,2.267039,0.342945,0.302377
41.884904,0.611482,-2.645166,2.270101,0.343924,0.304224
41.934946,0.603138,-2.635246,2.273097,0.344893,0.306048
41.984987,0.594728,-2.625308,2.276029,0.345851,0.30785
42.035029,0.586253,-2.615353,2.278897,0.346797,0.309629
42.085071,0.577715,-2.60538,2.281702,0.34773,0.311385
42.135113,0.569113,-2.595391,2.284445,0.348651,0.313117
42.185154,0.560449,-2.585385,2.287127,0.34956,0.314826
42.235196,0.551724,-2.575363,2.289748,0.350455,0.316512
42.285238,0.542939,-2.565326,2.29231,0.351336,0.318174
42.335279,0.534094,-2.555272,2.294813,0.352203,0.319813
42.385321,0.525192,-2.545203,2.297257,0.353055,0.321427
42.435363,0.516231,-2.535119,2.299644,0.353893,0.323018
42.485405,0.507215,-2.525021,2.301975,0.354716,0.324585
42.535446,0.498143,-2.514907,2.304249,0.355522,0.326127
42.585488,0.489016,-2.50478,2.306467,0.356313,0.327646
42.63553,0.479836,-2.494639,2.308631,0.357088,0.329139
42.685571,0.470604,-2.484483,2.31074,0.357846,0.330609
42.735613,0.46132,-2.474315,2.312796,0.358588,0.332053
42.785655,0.451986,-2.464133,2.314798,0.359312,0.333474
42.835696,0.442603,-2.453939,2.316748,0.360018,0.334869
42.885738,0.433171,-2.443731,2.318646,0.360707,0.336239
42.93578,0.423691,-2.433512,2.320493,0.361378,0.337585
42.985822,0.414165,-2.423281,2.322289,0.36203,0.338905
43.035863,0.404594,-2.413038,2.324034,0.362664,0.3402
43.085905,0.394979,-2.402783,2.325729,0.363278,0.34147
43.135947,0.385321,-2.392518,2.327375,0.363874,0.342715
43.185988,0.37562,-2.382241,2.328972,0.36445,0.343934
43.23603,0.365879,-2.371954,2.330521,0.365006,0.345128
43.286072,0.356097,-2.361657,2.332021,0.365543,0.346297
43.336113,0.346276,-2.351349,2.333473,0.366059,0.34744
43.386155,0.336418,-2.341032,2.334879,0.366555,0.348557
43.436197,0.326522,-2.330706,2.336237,0.36703,0.349649
43.486239,0.316591,-2.32037,2.337549,0.367484,0.350715
43.53628,0.306625,-2.310026,2.338814,0.367917,0.351755
43.586322,0.296626,-2.299673,2.340034,0.368328,0.352769
43.636364,0.286594,-2.289312,2.341208,0.368718,0.353758
43.686405,0.276531,-2.278942,2.342337,0.369087,0.35472
43.736447,0.266438,-2.268565,2.343422,0.369433,0.355657
43.786489,0.256316,-2.258181,2.344461,0.369757,0.356568
43.83653,0.246165,-2.247789,2.345457,0.370059,0.357453
43.886572,0.235987,-2.237391,2.346408,0.370338,0.358311
43.936614,0.225784,-2.226986,2.347316,0.370594,0.359144
43.986656,0.215556,-2.216574,2.34818,0.370828,0.359951
44.036697,0.205304,-2.206157,2.349001,0.371039,0.360732
44.086739,0.19503,-2.195734,2.349779,0.371226,0.361487
44.136781,0.184735,-2.185306,2.350514,0.37139,0.362216
44.186822,0.174419,-2.174872,2.351206,0.37153,0.362918
44.236864,0.164085,-2.164434,2.351856,0.371647,0.363595
44.286906,0.153732,-2.153991,2.352464,0.37174,0.364246
44.336947,0.143362,-2.143544,2.353029,0.371809,0.364871
44.386989,0.132977,-2.133093,2.353553,0.371853,0.365469
44.437031,0.122577,-2.122638,2.354035,0.371874,0.366042
44.487073,0.112164,-2.11218,2.354475,0.37187,0.366589
44.537114,0.101739,-2.101718,2.354874,0.371841,0.36711
44.587156,0.091302,-2.091254,2.355231,0.371788,0.367605
44.637198,0.080856,-2.080788,2.355546,0.371711,0.368074
44.687239,0.070401,-2.070319,2.355821,0.371608,0.368518
44.737281,0.059937,-2.059848,2.356054,0.371481,0.368935
44.787323,0.049468,-2.049375,2.356246,0.371328,0.369327
44.837364,0.038993,-2.038901,2.356397,0.37115,0.369694
44.887406,0.028514,-2.028426,2.356507,0.370947,0.370034
44.937448,0.018031,-2.01795,2.356576,0.370719,0.37035
44.98749,0.007547,-2.007474,2.356604,0.370466,0.370639
45.037531,-0.002938,-1.996998,2.356591,0.370187,0.370904
45.087573,-0.013423,-1.986521,2.356537,0.369882,0.371143
45.137615,-0.023906,-1.976045,2.356441,0.369552,0.371357
45.187656,-0.034387,-1.96557,2.356305,0.369196,0.371545
45.237698,-0.044864,-1.955095,2.356128,0.368814,0.371709
45.28774,-0.055335,-1.944622,2.355909,0.368407,0.371848
45.337781,-0.065801,-1.93415,2.35565,0.367974,0.371961
45.387823,-0.07626,-1.92368,2.355349,0.367515,0.37205
45.437865,-0.08671,-1.913212,2.355007,0.36703,0.372115
45.487907,-0.097151,-1.902747,2.354623,0.366519,0.372154
45.537948,-0.107581,-1.892284,2.354197,0.365982,0.37217
45.58799,-0.117999,-1.881824,2.35373,0.365419,0.372161
45.638032,-0.128404,-1.871368,2.353222,0.36483,0.372127
45.688073,-0.138795,-1.860914,2.352671,0.364215,0.37207
45.738115,-0.149171,-1.850465,2.352078,0.363573,0.371989
45.788157,-0.15953,-1.84002,2.351443,0.362906,0.371884
45.838198,-0.169873,-1.829579,2.350765,0.362212,0.371755
45.88824,-0.180196,-1.819143,2.350045,0.361493,0.371603
45.938282,-0.190499,-1.808712,2.349282,0.360747,0.371427
45.988324,-0.200782,-1.798286,2.348476,0.359975,0.371229
46.038365,-0.211043,-1.787866,2.347627,0.359177,0.371007
46.088407,-0.22128,-1.777452,2.346734,0.358353,0.370762
46.138449,-0.231494,-1.767043,2.345797,0.357502,0.370495
46.18849,-0.241681,-1.756641,2.344817,0.356626,0.370205
46.238532,-0.251843,-1.746246,2.343792,0.355723,0.369893
46.288574,-0.261976,-1.735858,2.342722,0.354794,0.369559
46.338616,-0.272081,-1.725477,2.341608,0.353839,0.369203
46.388657,-0.282156,-1.715103,2.340449,0.352858,0.368825
46.438699,-0.292201,-1.704738,2.339244,0.351851,0.368425
46.488741,-0.302213,-1.69438,2.337993,0.350818,0.368005
46.538782,-0.312192,-1.684031,2.336696,0.349759,0.367563
46.588824,-0.322137,-1.673691,2.335352,0.348675,0.3671
46.638866,-0.332046,-1.66336,2.333961,0.347564,0.366617
46.688907,-0.341919,-1.653038,2.332523,0.346427,0.366114
46.738949,-0.351754,-1.642725,2.331038,0.345265,0.36559
46.788991,-0.361551,-1.632422,2.329504,0.344077,0.365046
46.839033,-0.371309,-1.62213,2.327921,0.342863,0.364483
46.889074,-0.381025,-1.611848,2.326289,0.341624,0.3639
46.939116,-0.3907,-1.601576,2.324608,0.340359,0.363298
46.989158,-0.400332,-1.591316,2.322877,0.339068,0.362678
47.039199,-0.40992,-1.581066,2.321095,0.337752,0.362038
47.089241,-0.419463,-1.570829,2.319262,0.336411,0.361381
47.139283,-0.428961,-1.560603,2.317378,0.335044,0.360705
47.189324,-0.438411,-1.550389,2.315441,0.333652,0.360012
47.239366,-0.447813,-1.540187,2.313451,0.332235,0.359302
47.289408,-0.457166,-1.529999,2.311409,0.330793,0.358574
47.33945,-0.466469,-1.519823,2.309312,0.329326,0.35783
47.389491,-0.47572,-1.50966,2.307161,0.327834,0.357069
47.439533,-0.48492,-1.499511,2.304954,0.326317,0.356293
47.489575,-0.494066,-1.489376,2.302692,0.324775,0.3555
47.539616,-0.503159,-1.479255,2.300373,0.323209,0.354692
47.589658,-0.512196,-1.469148,2.297997,0.321618,0.353869
47.6397,-0.521177,-1.459055,2.295563,0.320003,0.353032
47.689741,-0.530101,-1.448978,2.29307,0.318363,0.35218
47.739783,-0.538967,-1.438916,2.290518,0.316699,0.351314
47.789825,-0.547773,-1.428869,2.287906,0.315011,0.350435
47.839867,-0.55652,-1.418838,2.285232,0.313299,0.349542
47.889908,-0.565206,-1.408823,2.282497,0.311563,0.348637
47.93995,-0.57383,-1.398824,2.279699,0.309803,0.34772
47.989992,-0.582391,-1.388842,2.276837,0.30802,0.346791
48.040033,-0.590888,-1.378876,2.273911,0.306213,0.34585
48.090075,-0.59932,-1.368928,2.27092,0.304382,0.344898
48.140117,-0.607687,-1.358997,2.267862,0.302528,0.343936
48.190158,-0.615987,-1.349084,2.264737,0.300651,0.342963
48.2402,-0.62422,-1.339189,2.261543,0.29875,0.341981
48.290242,-0.632384,-1.329312,2.258281,0.296827,0.340989
48.340284,-0.640479,-1.319453,2.254948,0.294881,0.339989
48.390325,-0.648504,-1.309613,2.251543,0.292912,0.338981
48.440367,-0.656458,-1.299792,2.248066,0.290921,0.337965
48.490409,-0.66434,-1.28999,2.244516,0.288908,0.336941
48.54045,-0.67215,-1.280208,2.240891,0.286872,0.335911
48.590492,-0.679885,-1.270446,2.23719,0.284814,0.334875
48.640534,-0.687547,-1.260704,2.233411,0.282734,0.333833
48.690575,-0.695133,-1.250982,2.229555,0.280632,0.332786
48.740617,-0.702643,-1.241281,2.225619,0.278509,0.331734
48.790659,-0.710076,-1.2316,2.221602,0.276364,0.330678
48.840701,-0.717431,-1.221941,2.217503,0.274198,0.329619
48.890742,-0.724708,-1.212303,2.21332,0.272011,0.328557
48.940784,-0.731905,-1.202687,2.209052,0.269802,0.327493
48.990826,-0.739022,-1.193093,2.204698,0.267574,0.326426
49.040867,-0.746059,-1.183521,2.200256,0.265324,0.325359
49.090909,-0.753014,-1.173972,2.195725,0.263054,0.324292
49.140951,-0.759886,-1.164445,2.191104,0.260764,0.323224
49.190992,-0.766675,-1.154941,2.18639,0.258455,0.322157
49.241034,-0.773381,-1.14546,2.181582,0.256125,0.321092
49.291076,-0.780001,-1.136003,2.176679,0.253776,0.320028
49.341118,-0.786537,-1.12657,2.171679,0.251407,0.318968
49.391159,-0.792986,-1.117161,2.16658,0.24902,0.31791
49.441201,-0.799349,-1.107776,2.161381,0.246613,0.316857
49.491243,-0.805624,-1.098415,2.156079,0.244188,0.315809
49.541284,-0.811812,-1.089079,2.150674,0.241745,0.314765
49.591326,-0.81791,-1.079768,2.145163,0.239284,0.313728
49.641368,-0.823919,-1.070483,2.139544,0.236804,0.312698
49.69141,-0.829838,-1.061223,2.133817,0.234308,0.311675
49.741451,-0.835667,-1.051989,2.127977,0.231794,0.310661
49.791493,-0.841403,-1.042781,2.122025,0.229263,0.309655
49.841535,-0.847048,-1.033599,2.115958,0.226716,0.308659
49.891576,-0.852601,-1.024443,2.109774,0.224152,0.307674
49.941618,-0.85806,-1.015315,2.10347,0.221573,0.306699
49.99166,-0.863426,-1.006213,2.097045,0.218978,0.305736
50.041701,-0.868697,-0.997139,2.090498,0.216368,0.304786
50.091743,-0.873873,-0.988092,2.083825,0.213744,0.303849
50.141785,-0.878954,-0.979073,2.077024,0.211105,0.302927
50.191827,-0.883939,-0.970081,2.070094,0.208452,0.302019
50.241868,-0.888827,-0.961118,2.063033,0.205786,0.301126
50.29191,-0.893619,-0.952184,2.055837,0.203108,0.30025
50.341952,-0.898312,-0.943278,2.048506,0.200417,0.29939
50.391993,-0.902908,-0.934401,2.041036,0.197714,0.298548
50.442035,-0.907405,-0.925553,2.033426,0.195,0.297725
50.492077,-0.911803,-0.916734,2.025673,0.192275,0.29692
50.542118,-0.916102,-0.907945,2.017775,0.189541,0.296135
50.59216,-0.920301,-0.899186,2.009731,0.186797,0.295371
50.642202,-0.924399,-0.890457,2.001536,0.184045,0.294627
50.692244,-0.928396,-0.881758,1.99319,0.181285,0.293905
50.742285,-0.932292,-0.873089,1.984691,0.178518,0.293205
50.792327,-0.936086,-0.864451,1.976035,0.175744,0.292529
50.842369,-0.939779,-0.855845,1.967221,0.172966,0.291875
50.89241,-0.943368,-0.847269,1.958247,0.170183,0.291245
50.942452,-0.946855,-0.838724,1.94911,0.167397,0.29064
50.992494,-0.950239,-0.830211,1.939809,0.164609,0.29006
51.042535,-0.953519,-0.82173,1.930341,0.161819,0.289505
51.092577,-0.956695,-0.813281,1.920704,0.159029,0.288975
51.142619,-0.959766,-0.804864,1.910897,0.156241,0.288472
51.192661,-0.962733,-0.796479,1.900917,0.153455,0.287995
51.242702,-0.965595,-0.788126,1.890763,0.150672,0.287545
51.292744,-0.968352,-0.779807,1.880433,0.147895,0.287121
51.342786,-0.971003,-0.77152,1.869925,0.145124,0.286724
51.392827,-0.973548,-0.763267,1.859239,0.142362,0.286355
51.442869,-0.975987,-0.755047,1.848371,0.139609,0.286012
51.492911,-0.97832,-0.74686,1.837322,0.136868,0.285696
51.542952,-0.980546,-0.738707,1.82609,0.134141,0.285408
51.592994,-0.982665,-0.730588,1.814673,0.131428,0.285145
51.643036,-0.984677,-0.722503,1.803072,0.128733,0.28491
51.693078,-0.986581,-0.714453,1.791285,0.126057,0.2847
51.743119,-0.988378,-0.706436,1.779312,0.123402,0.284516
51.793161,-0.990066,-0.698455,1.767153,0.12077,0.284357
51.843203,-0.991647,-0.690508,1.754806,0.118164,0.284223
51.893244,-0.99312,-0.682596,1.742274,0.115586,0.284112
51.943286,-0.994484,-0.674719,1.729555,0.113039,0.284025
51.993328,-0.995739,-0.666878,1.71665,0.110525,0.28396
52.043369,-0.996886,-0.659072,1.703561,0.108046,0.283917
52.093411,-0.997924,-0.651302,1.690287,0.105606,0.283893
52.143453,-0.998852,-0.643567,1.676832,0.103206,0.28389
52.193495,-0.999672,-0.635869,1.663195,0.10085,0.283904
52.243536,-1.000382,-0.628207,1.64938,0.098541,0.283935
52.293578,-1.000982,-0.620581,1.635388,0.096281,0.283981
52.34362,-1.001473,-0.612991,1.621222,0.094073,0.284042
52.393661,-1.001854,-0.605439,1.606884,0.09192,0.284115
52.443703,-1.002126,-0.597923,1.592379,0.089826,0.284199
52.493745,-1.002287,-0.590444,1.577709,0.087792,0.284293
52.543786,-1.002338,-0.583003,1.562879,0.085823,0.284395
52.593828,-1.00228,-0.575598,1.547893,0.083921,0.284503
52.64387,-1.002111,-0.568232,1.532754,0.082088,0.284615
52.693912,-1.001832,-0.560903,1.517469,0.080329,0.28473
52.743953,-1.001443,-0.553612,1.502043,0.078644,0.284846
52.793995,-1.000944,-0.54636,1.48648,0.077039,0.284962
52.844037,-1.000334,-0.539145,1.470788,0.075514,0.285075
52.894078,-0.999614,-0.53197,1.454972,0.074072,0.285184
52.94412,-0.998783,-0.524833,1.439039,0.072717,0.285287
52.994162,-0.997843,-0.517735,1.422996,0.071449,0.285382
53.044204,-0.996792,-0.510676,1.40685,0.070272,0.285469
53.094245,-0.995631,-0.503656,1.390609,0.069188,0.285545
53.144287,-0.994359,-0.496677,1.37428,0.068197,0.28561
53.194329,-0.992977,-0.489737,1.357872,0.067303,0.285661
53.24437,-0.991486,-0.482837,1.341392,0.066505,0.285697
53.294412,-0.989884,-0.475977,1.324849,0.065807,0.285719
53.344454,-0.988172,-0.469158,1.308252,0.065207,0.285723
53.394495,-0.986351,-0.46238,1.291609,0.064708,0.285711
53.444537,-0.984419,-0.455643,1.27493,0.06431,0.28568
53.494579,-0.982378,-0.448948,1.258223,0.064013,0.285631
53.544621,-0.980228,-0.442294,1.241497,0.063818,0.285562
53.594662,-0.977968,-0.435681,1.224761,0.063724,0.285474
53.644704,-0.9756,-0.429111,1.208026,0.06373,0.285367
53.694746,-0.973122,-0.422584,1.191298,0.063836,0.28524
53.744787,-0.970536,-0.416099,1.174589,0.064042,0.285093
53.794829,-0.967841,-0.409657,1.157905,0.064346,0.284928
53.844871,-0.965038,-0.403259,1.141258,0.064747,0.284743
53.894912,-0.962127,-0.396904,1.124654,0.065244,0.284541
53.944954,-0.959108,-0.390593,1.108104,0.065834,0.284321
53.994996,-0.955982,-0.384326,1.091614,0.066515,0.284084
54.045038,-0.95275,-0.378104,1.075194,0.067287,0.283831
54.095079,-0.94941,-0.371927,1.058851,0.068145,0.283564
54.145121,-0.945964,-0.365794,1.042593,0.069089,0.283283
54.195163,-0.942412,-0.359707,1.026427,0.070115,0.282989
54.245204,-0.938755,-0.353666,1.010361,0.071221,0.282684
54.295246,-0.934993,-0.347671,0.994402,0.072403,0.282369
54.345288,-0.931126,-0.341722,0.978555,0.07366,0.282046
54.395329,-0.927154,-0.335819,0.962828,0.074988,0.281715
54.445371,-0.923079,-0.329963,0.947226,0.076383,0.281379
54.495413,-0.918901,-0.324155,0.931755,0.077844,0.281038
54.545455,-0.91462,-0.318394,0.916419,0.079366,0.280695
54.595496,-0.910237,-0.31268,0.901225,0.080947,0.280351
54.645538,-0.905752,-0.307014,0.886175,0.082584,0.280006
54.69558,-0.901166,-0.301397,0.871275,0.084272,0.279663
54.745621,-0.89648,-0.295827,0.856529,0.08601,0.279324
54.795663,-0.891694,-0.290306,0.841939,0.087793,0.278988
54.845705,-0.886808,-0.284835,0.827509,0.089619,0.278659
54.895746,-0.881824,-0.279412,0.813242,0.091485,0.278336
54.945788,-0.876741,-0.274038,0.79914,0.093388,0.278022
54.99583,-0.871561,-0.268714,0.785206,0.095325,0.277718
55.045872,-0.866285,-0.263439,0.77144,0.097292,0.277424
55.095913,-0.860912,-0.258214,0.757845,0.099287,0.277142
55.145955,-0.855444,-0.25304,0.744422,0.101307,0.276872
55.195997,-0.849881,-0.247915,0.731172,0.10335,0.276616
55.246038,-0.844224,-0.242841,0.718095,0.105412,0.276375
55.29608,-0.838474,-0.237817,0.705192,0.107492,0.276149
55.346122,-0.832631,-0.232843,0.692464,0.109587,0.275939
55.396163,-0.826697,-0.227921,0.679909,0.111694,0.275746
55.446205,-0.820671,-0.223049,0.667527,0.113811,0.275571
55.496247,-0.814555,-0.218228,0.655319,0.115937,0.275413
55.546289,-0.808349,-0.213458,0.643283,0.118068,0.275273
55.59633,-0.802055,-0.208739,0.631419,0.120202,0.275152
55.646372,-0.795672,-0.204072,0.619724,0.122339,0.27505
55.696414,-0.789202,-0.199456,0.608199,0.124476,0.274967
55.746455,-0.782646,-0.194891,0.596841,0.126611,0.274904
55.796497,-0.776004,-0.190377,0.585649,0.128742,0.27486
55.846539,-0.769277,-0.185916,0.574621,0.130868,0.274836
55.89658,-0.762466,-0.181506,0.563756,0.132988,0.274831
55.946622,-0.755572,-0.177147,0.553051,0.1351,0.274846
55.996664,-0.748595,-0.17284,0.542504,0.137202,0.274881
56.046706,-0.741537,-0.168585,0.532113,0.139293,0.274934
56.096747,-0.734398,-0.164382,0.521876,0.141373,0.275007
56.146789,-0.727179,-0.160231,0.51179,0.143439,0.275099
56.196831,-0.719881,-0.156131,0.501854,0.145491,0.275209
56.246872,-0.712504,-0.152084,0.492064,0.147527,0.275337
56.296914,-0.70505,-0.148088,0.482418,0.149547,0.275484
56.346956,-0.69752,-0.144144,0.472913,0.15155,0.275648
56.396997,-0.689914,-0.140253,0.463547,0.153535,0.275828
56.447039,-0.682232,-0.136413,0.454318,0.155501,0.276026
56.497081,-0.674477,-0.132626,0.445221,0.157447,0.276239
56.547123,-0.666649,-0.12889,0.436256,0.159373,0.276469
56.597164,-0.658749,-0.125207,0.427419,0.161278,0.276713
56.647206,-0.650777,-0.121576,0.418707,0.163161,0.276971
56.697248,-0.642735,-0.117997,0.410117,0.165022,0.277244
56.747289,-0.634623,-0.11447,0.401648,0.16686,0.27753
56.797331,-0.626442,-0.110996,0.393295,0.168675,0.277828
56.847373,-0.618194,-0.107573,0.385057,0.170466,0.278139
56.897415,-0.609879,-0.104203,0.376931,0.172233,0.278461
56.947456,-0.601498,-0.100886,0.368914,0.173976,0.278794
56.997498,-0.593052,-0.09762,0.361003,0.175693,0.279137
57.04754,-0.584542,-0.094407,0.353196,0.177385,0.279489
57.097581,-0.575968,-0.091246,0.34549,0.179052,0.27985
57.147623,-0.567332,-0.088138,0.337882,0.180693,0.28022
57.197665,-0.558635,-0.085082,0.330371,0.182308,0.280596
57.247706,-0.549878,-0.082079,0.322953,0.183896,0.28098
57.297748,-0.541061,-0.079128,0.315626,0.185458,0.281369
57.34779,-0.532186,-0.07623,0.308387,0.186993,0.281764
57.397832,-0.523253,-0.073385,0.301235,0.188501,0.282164
57.447873,-0.514263,-0.070592,0.294166,0.189981,0.282568
57.497915,-0.505218,-0.067852,0.287178,0.191435,0.282975
57.547957,-0.496119,-0.065164,0.280269,0.192861,0.283385
57.597998,-0.486966,-0.062529,0.273437,0.19426,0.283797
57.64804,-0.47776,-0.059947,0.26668,0.19563,0.284211
57.698082,-0.468502,-0.057418,0.259995,0.196973,0.284625
57.748123,-0.459194,-0.054942,0.253379,0.198289,0.28504
57.798165,-0.449836,-0.052519,0.246832,0.199576,0.285454
57.848207,-0.440429,-0.050149,0.240351,0.200835,0.285868
57.898249,-0.430975,-0.047832,0.233933,0.202066,0.28628
57.94829,-0.421474,-0.045568,0.227577,0.203268,0.28669
57.998332,-0.411928,-0.043357,0.221281,0.204443,0.287097
58.048374,-0.402337,-0.041199,0.215043,0.205589,0.287502
58.098415,-0.392702,-0.039095,0.208861,0.206706,0.287902
58.148457,-0.383025,-0.037044,0.202733,0.207795,0.288298
58.198499,-0.373306,-0.035046,0.196657,0.208856,0.28869
58.24854,-0.363547,-0.033102,0.190632,0.209888,0.289076
58.298582,-0.353748,-0.031211,0.184656,0.210891,0.289457
58.348624,-0.343912,-0.029373,0.178726,0.211865,0.289831
58.398666,-0.334037,-0.02759,0.172842,0.212811,0.2902
58.448707,-0.324127,-0.025859,0.167001,0.213728,0.290561
58.498749,-0.314182,-0.024183,0.161203,0.214616,0.290914
58.548791,-0.304202,-0.02256,0.155444,0.215475,0.29126
58.598832,-0.29419,-0.020991,0.149725,0.216305,0.291598
58.648874,-0.284145,-0.019476,0.144042,0.217106,0.291927
58.698916,-0.27407,-0.018014,0.138395,0.217879,0.292248
58.748957,-0.263965,-0.016607,0.132783,0.218622,0.292559
58.798999,-0.253831,-0.015253,0.127202,0.219336,0.29286
58.849041,-0.24367,-0.013954,0.121653,0.220021,0.293152
58.899083,-0.233483,-0.012708,0.116134,0.220676,0.293434
58.949124,-0.22327,-0.011517,0.110643,0.221303,0.293705
58.999166,-0.213033,-0.01038,0.105179,0.2219,0.293966
59.049208,-0.202772,-0.009296,0.09974,0.222468,0.294216
59.099249,-0.19249,-0.008268,0.094325,0.223006,0.294454
59.149291,-0.182187,-0.007293,0.088932,0.223515,0.294682
59.199333,-0.171864,-0.006372,0.083561,0.223995,0.294898
59.249374,-0.161522,-0.005506,0.07821,0.224445,0.295102
59.299416,-0.151163,-0.004694,0.072877,0.224866,0.295294
59.349458,-0.140787,-0.003937,0.067562,0.225257,0.295474
59.3995,-0.130397,-0.003234,0.062263,0.225618,0.295641
59.449541,-0.119992,-0.002585,0.056978,0.22595,0.295796
59.499583,-0.109574,-0.001991,0.051707,0.226253,0.295939
59.549625,-0.099144,-0.001451,0.046447,0,0
59.599666,-0.099144,-0.001451,0.046447,0,0
59.649708,-0.099144,-0.001451,0.046447,0,0
59.69975,-0.099144,-0.001451,0.046447,0,0
59.749791,-0.099144,-0.001451,0.046447,0,0
59.799833,-0.099144,-0.001451,0.046447,0,0
59.849875,-0.099144,-0.001451,0.046447,0,0
59.899917,-0.099144,-0.001451,0.046447,0,0
59.949958,-0.099144,-0.001451,0.046447,0,0
60,-0.099144,-0.001451,0.046447,0,0
